Title,Price,Date
Designer Unicorn Engineer Because Badass Miracle Worker Isn't an Official Job Title Printed Poly Cotton Unisex tee,499.00,2021-08-30
Designer Unicorn Engineer Because Badass Miracle Worker Isn't an Official Job Title Printed Poly Cotton Unisex tee,499.00,2021-08-30
Designer Unicorn Engineer Because Badass Miracle Worker Isn't an Official Job Title Printed Poly Cotton Unisex tee,"
                    ₹499.00
                   ",2021-08-30
Designer Unicorn Engineer Because Badass Miracle Worker Isn't an Official Job Title Printed Poly Cotton Unisex tee,"
                    ₹499.00
                   ",2021-08-30
Designer Unicorn Engineer Because Badass Miracle Worker Isn't an Official Job Title Printed Poly Cotton Unisex tee,"
                    ₹499.00
                   ",2021-08-30
Designer Unicorn Engineer Because Badass Miracle Worker Isn't an Official Job Title Printed Poly Cotton Unisex tee,"
                    ₹499.00
                   ",2021-08-30
Designer Unicorn Engineer Because Badass Miracle Worker Isn't an Official Job Title Printed Poly Cotton Unisex tee,"
                    ₹499.00
                   ",2021-08-30
Designer Unicorn Engineer Because Badass Miracle Worker Isn't an Official Job Title Printed Poly Cotton Unisex tee,"
                    ₹499.00
                   ",2021-08-30
Designer Unicorn Engineer Because Badass Miracle Worker Isn't an Official Job Title Printed Poly Cotton Unisex tee,"
                    ₹499.00
                   ",2021-08-30
Designer Unicorn Engineer Because Badass Miracle Worker Isn't an Official Job Title Printed Poly Cotton Unisex tee,"
                    ₹499.00
                   ",2021-08-30
Designer Unicorn Engineer Because Badass Miracle Worker Isn't an Official Job Title Printed Poly Cotton Unisex tee,"
                    ₹499.00
                   ",2021-08-30
Designer Unicorn Engineer Because Badass Miracle Worker Isn't an Official Job Title Printed Poly Cotton Unisex tee,"
                    ₹499.00
                   ",2021-08-30
Designer Unicorn Engineer Because Badass Miracle Worker Isn't an Official Job Title Printed Poly Cotton Unisex tee,"
                    ₹499.00
                   ",2021-08-30
Designer Unicorn Engineer Because Badass Miracle Worker Isn't an Official Job Title Printed Poly Cotton Unisex tee,"
                    ₹499.00
                   ",2021-08-30
Designer Unicorn Engineer Because Badass Miracle Worker Isn't an Official Job Title Printed Poly Cotton Unisex tee,"
                    ₹499.00
                   ",2021-08-30
Designer Unicorn Engineer Because Badass Miracle Worker Isn't an Official Job Title Printed Poly Cotton Unisex tee,"
                    ₹499.00
                   ",2021-08-30
Designer Unicorn Engineer Because Badass Miracle Worker Isn't an Official Job Title Printed Poly Cotton Unisex tee,"
                    ₹499.00
                   ",2021-08-30
Designer Unicorn Engineer Because Badass Miracle Worker Isn't an Official Job Title Printed Poly Cotton Unisex tee,"
                    ₹499.00
                   ",2021-08-30
Designer Unicorn Engineer Because Badass Miracle Worker Isn't an Official Job Title Printed Poly Cotton Unisex tee,"
                    ₹499.00
                   ",2021-08-30
Designer Unicorn Engineer Because Badass Miracle Worker Isn't an Official Job Title Printed Poly Cotton Unisex tee,"
                    ₹499.00
                   ",2021-08-30
Designer Unicorn Engineer Because Badass Miracle Worker Isn't an Official Job Title Printed Poly Cotton Unisex tee,"
                    ₹499.00
                   ",2021-08-30
Designer Unicorn Engineer Because Badass Miracle Worker Isn't an Official Job Title Printed Poly Cotton Unisex tee,"
                    ₹499.00
                   ",2021-08-30
Designer Unicorn Engineer Because Badass Miracle Worker Isn't an Official Job Title Printed Poly Cotton Unisex tee,"
                    ₹499.00
                   ",2021-08-30
Designer Unicorn Engineer Because Badass Miracle Worker Isn't an Official Job Title Printed Poly Cotton Unisex tee,"
                    ₹499.00
                   ",2021-08-30
Designer Unicorn Engineer Because Badass Miracle Worker Isn't an Official Job Title Printed Poly Cotton Unisex tee,"
                    ₹499.00
                   ",2021-08-30
Designer Unicorn Engineer Because Badass Miracle Worker Isn't an Official Job Title Printed Poly Cotton Unisex tee,"
                    ₹499.00
                   ",2021-08-30
Designer Unicorn Engineer Because Badass Miracle Worker Isn't an Official Job Title Printed Poly Cotton Unisex tee,"
                    ₹499.00
                   ",2021-08-30
Designer Unicorn Engineer Because Badass Miracle Worker Isn't an Official Job Title Printed Poly Cotton Unisex tee,"
                    ₹499.00
                   ",2021-08-30
Designer Unicorn Engineer Because Badass Miracle Worker Isn't an Official Job Title Printed Poly Cotton Unisex tee,"
                    ₹499.00
                   ",2021-08-30
Designer Unicorn Engineer Because Badass Miracle Worker Isn't an Official Job Title Printed Poly Cotton Unisex tee,"
                    ₹499.00
                   ",2021-08-30
Designer Unicorn Engineer Because Badass Miracle Worker Isn't an Official Job Title Printed Poly Cotton Unisex tee,"
                    ₹499.00
                   ",2021-08-30
Designer Unicorn Engineer Because Badass Miracle Worker Isn't an Official Job Title Printed Poly Cotton Unisex tee,"
                    ₹499.00
                   ",2021-08-30
Designer Unicorn Engineer Because Badass Miracle Worker Isn't an Official Job Title Printed Poly Cotton Unisex tee,"
                    ₹499.00
                   ",2021-08-30
Designer Unicorn Engineer Because Badass Miracle Worker Isn't an Official Job Title Printed Poly Cotton Unisex tee,"
                    ₹499.00
                   ",2021-08-30
Designer Unicorn Engineer Because Badass Miracle Worker Isn't an Official Job Title Printed Poly Cotton Unisex tee,"
                    ₹499.00
                   ",2021-08-30
Designer Unicorn Engineer Because Badass Miracle Worker Isn't an Official Job Title Printed Poly Cotton Unisex tee,"
                    ₹499.00
                   ",2021-08-30
Designer Unicorn Engineer Because Badass Miracle Worker Isn't an Official Job Title Printed Poly Cotton Unisex tee,"
                    ₹499.00
                   ",2021-08-30
Designer Unicorn Engineer Because Badass Miracle Worker Isn't an Official Job Title Printed Poly Cotton Unisex tee,"
                    ₹499.00
                   ",2021-08-30
Designer Unicorn Engineer Because Badass Miracle Worker Isn't an Official Job Title Printed Poly Cotton Unisex tee,"
                    ₹499.00
                   ",2021-08-30
Designer Unicorn Engineer Because Badass Miracle Worker Isn't an Official Job Title Printed Poly Cotton Unisex tee,"
                    ₹499.00
                   ",2021-08-30
Designer Unicorn Engineer Because Badass Miracle Worker Isn't an Official Job Title Printed Poly Cotton Unisex tee,"
                    ₹499.00
                   ",2021-08-30
Designer Unicorn Engineer Because Badass Miracle Worker Isn't an Official Job Title Printed Poly Cotton Unisex tee,"
                    ₹499.00
                   ",2021-08-30
Designer Unicorn Engineer Because Badass Miracle Worker Isn't an Official Job Title Printed Poly Cotton Unisex tee,"
                    ₹499.00
                   ",2021-08-30
Designer Unicorn Engineer Because Badass Miracle Worker Isn't an Official Job Title Printed Poly Cotton Unisex tee,"
                    ₹499.00
                   ",2021-08-30
Designer Unicorn Engineer Because Badass Miracle Worker Isn't an Official Job Title Printed Poly Cotton Unisex tee,"
                    ₹499.00
                   ",2021-08-30
Designer Unicorn Engineer Because Badass Miracle Worker Isn't an Official Job Title Printed Poly Cotton Unisex tee,"
                    ₹499.00
                   ",2021-08-30
Designer Unicorn Engineer Because Badass Miracle Worker Isn't an Official Job Title Printed Poly Cotton Unisex tee,"
                    ₹499.00
                   ",2021-08-30
Designer Unicorn Engineer Because Badass Miracle Worker Isn't an Official Job Title Printed Poly Cotton Unisex tee,"
                    ₹499.00
                   ",2021-08-30
Designer Unicorn Engineer Because Badass Miracle Worker Isn't an Official Job Title Printed Poly Cotton Unisex tee,"
                    ₹499.00
                   ",2021-08-30
Designer Unicorn Engineer Because Badass Miracle Worker Isn't an Official Job Title Printed Poly Cotton Unisex tee,"
                    ₹499.00
                   ",2021-08-30
Designer Unicorn Engineer Because Badass Miracle Worker Isn't an Official Job Title Printed Poly Cotton Unisex tee,"
                    ₹499.00
                   ",2021-08-30
Designer Unicorn Engineer Because Badass Miracle Worker Isn't an Official Job Title Printed Poly Cotton Unisex tee,"
                    ₹499.00
                   ",2021-08-30
Designer Unicorn Engineer Because Badass Miracle Worker Isn't an Official Job Title Printed Poly Cotton Unisex tee,"
                    ₹499.00
                   ",2021-08-30
Designer Unicorn Engineer Because Badass Miracle Worker Isn't an Official Job Title Printed Poly Cotton Unisex tee,"
                    ₹499.00
                   ",2021-08-30
Designer Unicorn Engineer Because Badass Miracle Worker Isn't an Official Job Title Printed Poly Cotton Unisex tee,"
                    ₹499.00
                   ",2021-08-30
Designer Unicorn Engineer Because Badass Miracle Worker Isn't an Official Job Title Printed Poly Cotton Unisex tee,"
                    ₹499.00
                   ",2021-08-30
